zip_code,desert_score,desert_rank,demand_factor,supply_gap_healthcare,supply_gap_food,supply_gap_parks,supply_gap_insurance,top_gap_category,Total Population (2020-2024),poverty_rate
32202,100.0,1,1.0,0.0,0.3817330210772834,0.7,1.0,insurance,6000,0.23
32201,67.02,2,0.44194060055789525,0.8690652818991098,0.42857142857142855,1.0,0.8591549295774649,parks,5000,0.16
32205,48.45,3,0.46245145763824314,0.5723293768545994,0.38641686182669793,0.7857142857142857,0.43661971830985924,parks,9000,0.133
32203,5.51,4,0.14264617404145927,0.5723293768545994,0.0,0.0,0.2323943661971831,healthcare,7000,0.086
32204,0.0,5,0.0,1.0,1.0,0.9,0.0,healthcare,8000,0.038
